App,Category,Rating,Reviews,Size,Installs,Type,Price,Content Rating,Last Updated,Current Ver,Minimum Android Ver,Genres
Educational Games 4 Kids,Family,4.3,11618,39,5000000,Free,0,Others,"April 3, 2018",2.4,4.1,Educational
U by BB&T,Finance,4.3,16600,24,1000000,Free,0,Others,"June 19, 2018",1.7.7,4.4,Finance
Interactive CT and MRI Anatomy,Medical,3.4,35,24,1000,Paid,15.46,Others,"May 27, 2015",2.0.3,2.2,Medical
Koi Free Live Wallpaper,Personalization,4.2,290241,4.1,50000000,Free,0,Others,"June 24, 2014",1.9,2.1,Personalization
A Manual of Acupuncture,Medical,3.5,214,68,1000,Paid,33.99,Others,"October 2, 2017",2.1.35,4,Medical
All Football - Latest News & Videos,Sports,4.6,152867,17,10000000,Free,0,Others,"August 3, 2018",3.0.5,4.1,Sports
AG Drive 3D,Game,3.8,164,22,10000,Free,0,Others,"March 20, 2015",1.0.1,2.3.3,Adventure
Casino AZ/Talking Stick Resort,Travel And Local,4.3,201,45,10000,Free,0,Others,"July 16, 2018",7.9.2.6,4.4,Travel & Local
LG Hi-Fi Plus Manager,Tools,3.5,154,3.4,10000,Free,0,Others,"September 6, 2016",5.0.6,6,Tools
BlackJack 21 Pro,Game,4.5,26744,51,500000,Free,0,Teen,"July 27, 2018",7.4.0,4.0.3,Casino
Bestie - Camera360 Selfie,Photography,4.5,512996,23,10000000,Free,0,Others,"August 2, 2018",4.0.3.5,4.1,Photography
365Scores - Live Scores,Sports,4.6,666521,25,10000000,Free,0,Others,"July 29, 2018",5.5.9,4.1,Sports
Gmail,Communication,4.3,4604324,1,1000000000,Free,0,Others,"August 2, 2018",Varies with device,-1,Communication
"Stocks, Forex, Bitcoin, Ethereum: Portfolio & News",Finance,4.6,157505,1,5000000,Free,0,Others,"August 1, 2018",Varies with device,-1,Finance
The Visitor: Ep.2 - Sleepover Slaughter,Game,4.3,5731,31,1000000,Free,0,Teen,"January 2, 2018",1.1.5,4.1,Adventure
ES Task Manager (Task Killer ),Business,4.3,171771,3.2,10000000,Free,0,Others,"January 15, 2018",2.0.6.4,2.1,Business
DW Contacts widget,Tools,4.3,56,2,1000,Paid,0.99,Others,"June 5, 2014",1.1.0.0,2.1,Tools
Boston University Alumni,Family,1.8,5,5.2,1000,Free,0,Others,"December 2, 2017",4,4.4,Education
"m, cm, mm to yard, feet, inch converter tool",Tools,4.3,246,2.8,100000,Free,0,Others,"February 6, 2018",1.1,4,Tools
Account Class-11 Solutions (D K Goel),Family,4.5,663,25,50000,Free,0,Others,"February 9, 2018",3.0.0,3,Education
AG Track,Tools,4.1,12,8.7,100,Free,0,Others,"March 23, 2018",3.3,4,Tools
TurboScan: scan documents and receipts in PDF,Business,4.7,11442,6.8,100000,Paid,4.99,Others,"March 25, 2018",1.5.2,4,Business
Skype Lite - Free Video Call & Chat,Communication,4.2,33053,22,5000000,Free,0,Others,"July 31, 2018",1.60.0.31354-release,4.0.3,Communication
Case Simulator Hero for CS:GO,Family,4.3,14604,68,500000,Free,0,Teen,"July 4, 2018",3.1.2,4.2,Simulation
Paint By Number,Family,3.5,807,4.6,500000,Free,0,Others,"May 1, 2018",1.4.0,3,Casual
CJ Poker Odds Calculator,Game,4.1,207,0.11328,50000,Free,0,Others,"January 30, 2011",1.2,1.6,Card
Moto Voice,Tools,4.1,33216,1,10000000,Free,0,Others,"June 5, 2018",Varies with device,-1,Tools
DU Antivirus Security - Applock & Privacy Guard,Tools,4.6,436615,10,10000000,Free,0,Others,"June 5, 2018",3.3.1,4.0.3,Tools
Sports Tracker Running Cycling,Health And Fitness,4.5,190247,1,5000000,Free,0,Others,"August 3, 2018",Varies with device,-1,Health & Fitness
BC Hospital Wait Times,Medical,4.2,8,1.2,500,Free,0,Others,"January 19, 2016",1.2,4.1,Medical
CBS - Full Episodes & Live TV,Entertainment,3.8,92058,12,10000000,Free,0,Teen,"July 20, 2018",4.8.6,4.1,Entertainment
LIVE VIDEO TALK,Dating,4.7,478,4.5,10000,Free,0,Teen,"June 28, 2018",8.2,4.0.3,Dating
Offroad Car G,Family,4.3,64884,37,5000000,Free,0,Others,"July 12, 2016",1,2.3.3,Simulation
How to draw Ladybug and Cat Noir,Art And Design,3.8,564,9.2,100000,Free,0,Others,"July 11, 2018",2.1,4.1,Art & Design
Victoria EC,Tools,5,5,3.8,500,Free,0,Others,"March 30, 2018",1.283.0037,2.3.3,Tools
"HD Video Player (wmv,avi,mp4,flv,av,mpg,mkv)2017",Video Players,3.3,171,4.8,10000,Free,0,Others,"August 10, 2017",1.1,4.1,Video Players & Editors
FeaturePoints: Free Gift Cards,Family,3.9,121321,46,5000000,Free,0,Others,"October 22, 2016",8.7,4.0.3,Entertainment
Lullaby Add-on for Sleep as Android,Health And Fitness,3.9,2057,6.2,50000,Paid,1.99,Others,"October 18, 2017",2.4,4,Health & Fitness
Helper for Clash Royale (All-in-1),Family,4.3,6078,37,500000,Free,0,Others,"November 10, 2017",2.0.0,4.1,Entertainment
DW Witness,Business,4,6,3.5,500,Free,0,Others,"May 14, 2018",1.1.2,5,Business
ADWLauncher 1 EX,Personalization,4.3,28728,2.8,500000,Paid,2.49,Others,"July 27, 2013",1.3.3.9,1.6,Personalization
Lost Journey (Dreamsky),Game,4.5,32344,29,1000000,Paid,0.99,Others,"October 21, 2016",1.3.12,3,Adventure
Motocross Mayhem,Game,3.8,35171,45,1000000,Free,0,Others,"February 11, 2014",1.2,2.3,Racing
Police VAZ LADA Simulator,Family,3.6,3502,61,500000,Free,0,Teen,"September 11, 2016",1.3,2.3,Simulation
BlackCam Pro - B&W Camera,Photography,4.5,1376,5.5,100000,Paid,1.49,Others,"March 26, 2018",1.51,4,Photography
Fitness Dance for Zum.ba Workout Exercise,Health And Fitness,4.2,287,12,50000,Free,0,Others,"July 30, 2018",1.8,4.2,Health & Fitness
DK Browser,Communication,4,1,2.4,10,Free,0,Others,"April 25, 2017",1,4.2,Communication
ET Telecom from Economic Times,News And Magazines,4.7,273,6.3,10000,Free,0,Others,"August 7, 2018",2.9.0,4.1,News & Magazines
Basket Manager 2018 Free,Sports,3.4,1520,6.3,50000,Free,0,Others,"April 17, 2018",3.7,4.4,Sports
Star Wars‚Ñ¢: Force Arena,Family,4.4,228130,70,5000000,Free,0,Others,"July 19, 2018",3.1.4,4.1,Strategy
Robin - AI Voice Assistant,Maps And Navigation,4.2,55313,16,1000000,Free,0,Others,"August 5, 2018",4.435,4.1,Maps & Navigation
Sin City Hero : Crime Simulator of Vegas,Game,4.1,3371,78,100000,Free,0,Teen,"September 8, 2017",1.1,4.0.3,Action
System Update Free,Tools,4.3,3068,6,100000,Free,0,Others,"July 20, 2018",11.1,4,Tools
Yandex Browser with Protect,Personalization,4.5,1237135,1,50000000,Free,0,Others,"July 18, 2018",Varies with device,-1,Personalization
O-Star,Dating,4.4,59,38,5000,Free,0,Others,"July 19, 2018",1.0.1,4.3,Dating
Plug-in app (System AC),Tools,3.6,126,11,10000,Free,0,Others,"June 8, 2017",v1.1072.35.0,4,Tools
Coloring book moana,Family,3.9,974,14,500000,Free,0,Others,"January 15, 2018",2.0.0,4.0.3,Art & Design
CG Backgrounds,Family,4,8,3.6,500,Free,0,Others,"June 19, 2018",8.1,4.0.3,Entertainment
Masha and the Bear: Evolution,Family,4.5,2062,42,500000,Free,0,Others,"June 14, 2018",1.0.9,4,Strategy
Wi-Fi Visualizer,Tools,3.9,132,2.6,50000,Free,0,Others,"May 17, 2017",0.0.9,2.3,Tools
VITEK EH DVR Viewer (Pro),Tools,3.5,78,3.3,10000,Free,0,Others,"October 11, 2013",1.2.10,2.2,Tools
Mutual - LDS Dating,Dating,3.7,1439,38,50000,Free,0,Teen,"July 30, 2018",1.1.46,4.2,Dating
Ziggo GO,Entertainment,4.1,29690,78,1000000,Free,0,Teen,"August 3, 2018",2.3.34 Prod,4.3,Entertainment
Bacterial Vaginosis Symptoms,Medical,4.1,698,2.4,100000,Free,0,Others,"February 3, 2015",1.1,3,Medical
BF Abstract 3d Pictures,Family,4.2,72,2.5,10000,Free,0,Teen,"June 18, 2015",5.1,3,Entertainment
"AT&T Navigator: Maps, Traffic",Travel And Local,3.6,32862,14,10000000,Free,0,Others,"December 6, 2016",5.10.6.2.8466393,4.1,Travel & Local
Neighborhoods & Apartments,Lifestyle,3.9,2042,3,100000,Free,0,Others,"August 28, 2015",3.1.6,4,Lifestyle
Dx Ludo,Family,3.6,215,2.6,50000,Free,0,Others,"April 18, 2011",1,2.1,Puzzle
4K Ultra Camera,Photography,4.2,382,2.9,100000,Free,0,Others,"July 30, 2018",39.272.12,2.2,Photography
"WPS Office - Word, Docs, PDF, Note, Slide & Sheet",Productivity,4.5,1508137,37,100000000,Free,0,Others,"July 30, 2018",11.1.3,4,Productivity
AF-STROKE (FREE),Medical,4.5,93,0.90234,10000,Free,0,Teen,"January 25, 2013",1.1,2.1,Medical
I'm Rich - Trump Edition,Lifestyle,3.6,275,7.3,10000,Paid,400,Others,"May 3, 2018",1.0.1,4.1,Lifestyle
ck-modelcars Shop,Shopping,4.5,118,6.4,5000,Free,0,Others,"June 15, 2018",5.29.0,5,Shopping
Translate: text & voice translator,Tools,4.3,122010,7.3,5000000,Free,0,Others,"July 14, 2018",Translator 10.9.2,4.0.3,Tools
Chess of Blades (BL/Yaoi Game) (No VA),Family,4.8,4,23,10,Paid,14.99,Teen,"January 24, 2018",1.03,2.3.3,Casual
EY India Tax Insights,Business,4.7,87,5.1,10000,Free,0,Others,"July 15, 2017",0.0.1,4.1,Business
BJ Foods,Business,5,3,1.5,10,Free,0,Others,"February 7, 2018",2.7,4.1,Business
AI Today : Artificial Intelligence News & AI 101,News And Magazines,5,43,2.3,100,Free,0,Others,"June 22, 2018",1,4.4,News & Magazines
Mu.F.O.,Game,5,2,16,1,Paid,0.99,Others,"March 3, 2017",1,2.3,Arcade
My EF,Family,3.3,4114,14,100000,Free,0,Others,"July 10, 2018",3.29,4.2,Education
Gold Teeth Photo Editor,Photography,2.8,1022,3.8,100000,Free,0,Others,"August 24, 2016",2,2.3,Photography
VITAS Hospice Referral App for Healthcare Pros,Medical,4.4,27,15,5000,Free,0,Others,"July 20, 2018",2.5.0 b665,5,Medical
Nur t…ôfsiri 1-ci cild,Libraries And Demo,5,15,1.4,1000,Free,0,Others,"April 27, 2017",1,1.6,Libraries & Demo
Hangman,Family,4.4,23302,12,5000000,Free,0,Others,"March 24, 2018",1.0.6,4,Puzzle
Mad Skills Motocross,Game,4,32522,44,1000000,Free,0,Others,"January 25, 2016",1.2.0,2,Racing
Snapseed,Photography,4.5,823109,1,50000000,Free,0,Others,"June 29, 2018",2.19.0.201907232,4.4,Photography
Ba Cristi,Game,3.5,196,35,10000,Free,0,Others,"March 22, 2016",1.0.4,2.3,Adventure
Gymnastics Superstar - Spin your way to gold!,Family,4.6,305765,34,10000000,Free,0,Others,"July 31, 2018",1.1.7,4.1,Role Playing
TAXLANDIA,Family,1.9,141,65,1000,Free,0,Others,"March 6, 2018",1.8.2,4.3,Educational
Huntington Mobile,Finance,4.2,11264,24,1000000,Free,0,Others,"June 26, 2018",5.2.203,4.2,Finance
I'm Ping Pong King :),Sports,4.4,29864,40,1000000,Free,0,Others,"July 26, 2018",2.5,4.1,Sports
"Clean My House ‚Äì Chore To Do List, Task Scheduler",Productivity,4.1,661,3.4,100000,Free,0,Others,"June 21, 2018",2.1.2,4.1,Productivity
Breathing Zone,Medical,4.6,319,1,5000,Paid,3.99,Others,"March 6, 2018",Varies with device,-1,Medical
Simply Yoga - Fitness Trainer for Workouts & Poses,Health And Fitness,4.1,6826,1,1000000,Free,0,Others,"June 14, 2018",Varies with device,-1,Health & Fitness
Dominos Game ‚úîÔ∏è,Family,4.1,2903,16,1000000,Free,0,Others,"July 5, 2018",5.2,4.1,Board
ÿµŸàÿ± ÿ≠ÿ±ŸÅ H,Art And Design,4.4,13,4.5,1000,Free,0,Others,"March 27, 2018",2,4.0.3,Art & Design
US Stock Market,Finance,4.4,1922,4.2,100000,Free,0,Others,"August 1, 2018",1.28,2.3,Finance
"AD - Nieuws, Sport, Regio & Entertainment",News And Magazines,3.7,10369,1,1000000,Free,0,Others,"July 28, 2018",Varies with device,-1,News & Magazines
Draw a Stickman: EPIC 2 Free,Game,4.3,213340,24,10000000,Free,0,Others,"June 14, 2018",1.2.1.49,4,Adventure
Naruto Shippuden - Watch Free!,Video Players,3.9,141515,5.7,10000000,Free,0,Teen,"April 23, 2014",0.6.0,2.3,Video Players & Editors
Megatramp - a Story of Success!,Family,4.3,322976,1,5000000,Free,0,Teen,"June 13, 2018",Varies with device,4.2,Simulation
Zombie Sniper 3D III,Game,3.9,8122,23,500000,Free,0,Teen,"February 28, 2017",1.8,2.3,Action
Disc Label Print,Tools,3,262,37,10000,Free,0,Others,"September 20, 2016",1.0.0,4,Tools
Ghost Snap AR Horror Survival,Game,3.8,898,33,100000,Free,0,Teen,"December 21, 2016",1.2.3.1,2.3,Adventure
Motocross Fun Simulator,Family,3.8,22570,35,1000000,Free,0,Others,"January 9, 2017",1.2,2.3.3,Simulation
"Sleep as Android: Sleep cycle tracker, smart alarm",Lifestyle,4.3,246201,1,10000000,Free,0,Others,"July 23, 2018",Varies with device,-1,Lifestyle
Pedometer,Health And Fitness,4.4,400592,2.9,10000000,Free,0,Others,"July 4, 2018",5.23,4,Health & Fitness
Fashion Girls Dress up Makeup,Family,4.4,115,31,10000,Free,0,Others,"July 13, 2018",1,4,Simulation
Calculator,Tools,4.3,40770,1,100000000,Free,0,Others,"November 21, 2017",Varies with device,-1,Dating
AdClear Ad blocker for Samsung,Tools,4.2,1586,1.5,500000,Free,0,Others,"September 7, 2017",1.0.5,5,Tools
"realestate.com.au - Buy, Rent & Sell Property",House And Home,3.8,14653,1,1000000,Free,0,Others,"July 16, 2018",Varies with device,-1,House & Home
Identity V,Game,4.2,109263,38,1000000,Free,0,Teen,"July 10, 2018",1.0.144431,4.1,Action
Real Airplane Flight Simulator: Pilot Games,Family,3.3,21735,37,1000000,Free,0,Others,"July 11, 2018",1.0.03,4,Simulation
Asana: organize team projects,Business,4.3,20815,10,1000000,Free,0,Others,"July 26, 2018",6.4.4,5,Business
Ambulance Rescue Simulator 17,Family,4.3,6669,31,1000000,Free,0,Others,"March 1, 2018",1.0.8,2.3,Simulation
AV Pro Voice Changer,Family,3.5,174,5.6,50000,Free,0,Others,"June 29, 2016",1.0.3,4,Entertainment
Baby Monitor AV,Communication,3.3,1434,9.5,100000,Free,0,Others,"March 6, 2014",1.2.5,2.3,Communication
Phoenix - Facebook & Messenger,Social,4.3,9606,3.4,100000,Free,0,Teen,"July 18, 2018",2.2.0717,5,Social
iFORA BP,Medical,3.4,18,45,1000,Free,0,Others,"June 5, 2018",1.2.4,2.3.3,Medical
Calendar+ Schedule Planner App,Productivity,4,8985,5.7,1000000,Free,0,Others,"January 16, 2017",1.07.59,4.0.3,Productivity
BC Wildflowers,Family,4.4,7,81,1000,Free,0,Others,"July 10, 2017",3.5,4.1,Education
Top Eleven 2018 - Be a Soccer Manager,Sports,4.4,3451011,1,50000000,Free,0,Others,"July 26, 2018",7.4,4.1,Sports
"Pu - Cute giant panda bear, baby pet care game",Family,4.5,22167,88,1000000,Free,0,Others,"June 12, 2018",1.18,4.1,Educational
High-Powered Flashlight,Tools,4.5,429580,1,10000000,Free,0,Others,"March 16, 2018",Varies with device,-1,Tools
Recipes Pastries and homemade pies More than 500 recipes for pastries,Food And Drink,4.7,14065,7.1,500000,Free,0,Others,"June 12, 2018",1.2.2,4.1,Food & Drink
The Washington Post Classic,News And Magazines,4.5,23158,1,1000000,Free,0,Others,"July 17, 2018",Varies with device,-1,News & Magazines
AV HD Video Player,Family,3.8,6,23,1000,Free,0,Others,"January 19, 2018",1,4.4,Entertainment
QST,Family,2.5,706,1,10000,Free,0,Others,"March 14, 2018",Varies with device,-1,Education
POCKET ATLAS OF CT HEAD,Medical,4.3,22,18,10000,Free,0,Others,"March 16, 2018",2,4.0.3,Medical
Pixxy KWGT,Personalization,4.8,60,78,1000,Paid,0.99,Others,"July 29, 2018",4.0.1,5,Personalization
MEGA,Productivity,4,549973,1,50000000,Free,0,Others,"July 4, 2018",Varies with device,-1,Productivity
Learn Basic C - For Beginners,Family,4.7,27,0.75391,5000,Free,0,Others,"January 20, 2016",1,3,Education
tutti.ch - Free Classifieds,Shopping,4.4,9950,15,500000,Free,0,Others,"July 18, 2018",3.7.1,4.1,Shopping
F-Stop Gallery,Photography,4.2,12726,15,1000000,Free,0,Others,"July 21, 2018",4.9.18,4.1,Photography
Tiny Scanner Pro: PDF Doc Scan,Business,4.8,10295,39,100000,Paid,4.99,Others,"April 11, 2017",3.4.6,3,Business
Robot Fighting Games‚Ñ¢ - Real Boxing Champions 3D,Game,4.4,30,47,5000,Free,0,Others,"July 2, 2018",1.1,4.1,Action
One Today by Google,Lifestyle,4.5,2586,9.4,100000,Free,0,Others,"December 17, 2015",1.9.0.110162364,4.0.3,Lifestyle
UFC,Sports,4,30840,1,1000000,Free,0,Teen,"May 22, 2018",Varies with device,-1,Sports
Recipes for hair and face tried,Health And Fitness,4.5,1203,6.5,500000,Free,0,Others,"October 16, 2016",1.2,2.3.3,Health & Fitness
"MMX Hill Dash 2 ‚Äì Offroad Truck, Car & Bike Racing",Game,4.4,41975,79,1000000,Free,0,Others,"July 19, 2018",3.00.11034,5,Racing
2ndLine - Second Phone Number,Communication,4.2,15880,32,1000000,Free,0,Others,"August 3, 2018",5.65.0,4,Communication
Be Like Bill - Maker,Family,4.3,18,1.7,1000,Free,0,Others,"January 27, 2016",1.2,3.2,Entertainment
English Conversation Courses,Family,4.6,22165,6.8,1000000,Free,0,Others,"June 28, 2018",4.1806.3,4,Education
Stupid Zombies,Game,4.5,464900,33,10000000,Free,0,Teen,"June 27, 2018",2.0.5,4.2,Arcade
EC Calgary,Family,5,6,8.1,100,Free,0,Teen,"June 26, 2018",3.8.0,4.1,Education
Centimeter Ruler,Tools,3.3,16,1.3,10000,Free,0,Others,"November 5, 2016",2,4,Tools
Co-op Credit Union on the Go,Finance,4.4,5,30,1000,Free,0,Others,"April 25, 2018",18.1.79,5,Finance
Hungry Hearts Diner: A Tale of Star-Crossed Souls,Family,4.9,46253,56,500000,Free,0,Others,"February 7, 2018",1.0.1,4,Simulation
Gun Shoot War Q,Game,4.2,26893,20,1000000,Free,0,Teen,"March 1, 2017",1.0.5,2.3,Arcade
PumpUp ‚Äî Fitness Community,Health And Fitness,4,49479,57,1000000,Free,0,Teen,"July 10, 2018",5.13.0,5,Health & Fitness
Remind: School Communication,Education,4.5,108613,1,10000000,Free,0,Others,"August 3, 2018",Varies with device,-1,Education
Bomb and Nade Timer for CS:GO,Productivity,2.6,85,6,5000,Free,0,Others,"April 21, 2016",1.1.2,4,Productivity
WPBS-DT,Family,5,3,6.3,500,Free,0,Others,"April 3, 2015",4.1.1,2.3.3,Entertainment
DT CLOTHINGS,Shopping,5,1,7.9,10,Free,0,Others,"July 25, 2018",1.0.1,4.1,Shopping
FG On-The-Go,Tools,4.9,55,25,1000,Free,0,Others,"June 29, 2018",2.01.0.2,4.1,Tools
Firefighters First CU,Finance,4.8,495,12,5000,Free,0,Others,"May 1, 2018",5.7.1.0,5,Finance
Tiger Live Wallpaper,Personalization,4.1,77724,7.1,5000000,Free,0,Teen,"May 31, 2018",2.7.2,4,Personalization
Holl & Co Barbers,Lifestyle,4.7,12,6,500,Free,0,Others,"February 26, 2018",4.9.940,4,Lifestyle
Surah Al-Waqiah,Books And Reference,4.7,1201,2.9,100000,Free,0,Others,"June 24, 2015",1,2.3.3,Books & Reference
My Days - Ovulation Calendar & Period Tracker ‚Ñ¢,Health And Fitness,4.5,93691,1,5000000,Free,0,Others,"July 5, 2018",Varies with device,-1,Health & Fitness
Banking Calculator,Finance,4.5,3704,4.6,100000,Free,0,Others,"March 20, 2018",34,2.3,Finance
F05WatchFace for Android Wear,Productivity,3.9,127,5.9,1000,Paid,0.99,Others,"December 24, 2017",7.0.1,4.3,Productivity
CX-OF,Family,4.2,18,37,1000,Free,0,Others,"January 31, 2018",7.2.1,4.3,Entertainment
BROTHER IN WARS: GUNNER CITY WARLORDS,Game,4.3,8649,39,1000000,Free,0,Teen,"July 26, 2018",1.0.3,4.2,Action
Samsung Notes,Productivity,3.9,15368,1,100000000,Free,0,Others,"January 22, 2018",Varies with device,-1,Productivity
Ghostery Privacy Browser,Communication,4.1,13100,2.2,1000000,Free,0,Others,"March 20, 2018",1.4.1.0,4.0.3,Communication
H*nest Meditation,Lifestyle,4.9,145,48,5000,Paid,1.99,Teen,"April 7, 2016",1,4.0.3,Lifestyle
MIX by Camera360,Photography,4.4,111066,74,5000000,Free,0,Others,"August 3, 2018",4.8.7,4.0.3,Photography
With Helper Pro Pill Reminder,Medical,4.6,358,1,5000,Paid,3.99,Others,"October 25, 2017",Varies with device,-1,Medical
MeetMe: Chat & Meet New People,Social,4.2,1259849,76,50000000,Free,0,Others,"August 3, 2018",Varies with device,4.1,Social
Euro Truck Driver (Simulator),Family,4.4,860078,30,10000000,Free,0,Others,"February 15, 2018",1.6.0,4.1,Simulation
Avokiddo Emotions,Family,4.6,73,12,1000,Paid,2.99,Others,"May 21, 2018",1.7.0,4.0.3,Education
tTorrent - ad free,Video Players,4.3,2976,1,10000,Paid,1.99,Others,"June 15, 2018",1.5.14,4.1,Video Players & Editors
Wallpaper.cz,Photography,4.9,7,2.2,100,Free,0,Others,"July 11, 2015",1.2.0,3,Photography
"TryDate - Free Online Dating App, Chat Meet Adults",Dating,4.4,7888,15,500000,Free,0,Teen,"April 29, 2018",2.4.0,4.1,Dating
Mad Libs,Family,4,8126,61,1000000,Free,0,Others,"July 31, 2018",1.1.1,6,Entertainment
The Societe Generale App,Finance,4.1,31218,1,1000000,Free,0,Others,"July 31, 2018",Varies with device,-1,Finance
Tuner - gStrings Free,Tools,4.5,214265,1,10000000,Free,0,Others,"June 4, 2018",Varies with device,-1,Tools
DV Lottery Simulator,Family,4.6,13,1.3,1000,Free,0,Others,"October 20, 2016",1.1,4.1,Entertainment
SportCAM,Tools,3.2,427,9.5,100000,Free,0,Others,"May 4, 2018",1.7.6,2.2,Tools
Yoga - Track Yoga,Health And Fitness,4.5,7976,44,500000,Free,0,Others,"July 9, 2018",7,4.0.3,Health & Fitness
Undertale AU Amino,Social,4.8,5369,63,50000,Free,0,Teen,"July 13, 2018",1.8.19106,4.0.3,Social
Agent HQ for The Division,Family,4.1,1060,2.5,100000,Free,0,Others,"February 17, 2018",0.35,4.0.3,Entertainment
BU Syllabus,Family,4.5,38,6.5,1000,Free,0,Others,"September 21, 2017",1.0.3,4.0.3,Education
Words With Friends ‚Äì Play Free,Game,4.3,711719,1,10000000,Free,0,Others,"July 11, 2018",Varies with device,-1,Word
Guide for CS:GO,Family,4.4,16459,88,500000,Free,0,Others,"July 15, 2017",3.2.0,2.3,Entertainment
Bus Driver 3D: Hill Station,Family,4.3,31705,49,5000000,Free,0,Others,"November 6, 2017",1.7,4.1,Simulation
Eurosport,Sports,4,121003,1,10000000,Free,0,Others,"August 6, 2018",Varies with device,-1,Sports
News Republic,News And Magazines,4.3,479594,18,10000000,Free,0,Teen,"July 28, 2018",9.2.3,4,News & Magazines
Google Pay,Finance,4.2,347838,1,100000000,Free,0,Others,"July 26, 2018",2.70.206190089,-1,Finance
EB Events,Travel And Local,3.3,97,16,10000,Free,0,Others,"January 27, 2016",1.6,4,Travel & Local
Muzy - Share photos & collages,Photography,4.4,70189,13,5000000,Free,0,Teen,"August 11, 2015",4.0.10,4,Photography
AK-47 Sounds,Family,3.9,656,2.9,500000,Free,0,Others,"September 14, 2016",2,2.3.3,Entertainment
7 minute abs workout - Daily Ab Workout,Health And Fitness,4.8,527,23,100000,Free,0,Others,"March 30, 2018",2.01,4.1,Health & Fitness
Blackjack Verite Drills,Game,4.6,17,4.7,100,Paid,14,Teen,"July 9, 2017",1.1.10,3,Casino
Club,Medical,4.4,3786,28,50000,Free,0,Others,"July 16, 2018",4.4.3,4.0.3,Medical
CS Customizer,Communication,3.7,25,3.7,1000,Free,0,Others,"February 6, 2017",1.2.11,3,Communication
WhatsApp Business,Communication,4.4,136662,32,10000000,Free,0,Others,"July 30, 2018",2.18.116,4.0.3,Communication
Create apps fast with beautiful design and no code,Business,3.7,23729,24,1000000,Free,0,Others,"May 14, 2018",7.2,4.4,Business
FD VR - Virtual App Launcher,Libraries And Demo,4.1,1463,7.4,100000,Free,0,Others,"November 30, 2016",3.6.1,4.4,Libraries & Demo
Fortune City - A Finance App,Finance,4.6,49275,91,500000,Free,0,Others,"July 17, 2018",2.0.3.1,4.4,Finance
AW Tozer Devotionals - Daily,Books And Reference,4.2,8,3.9,5000,Free,0,Others,"October 7, 2016",1,2.3,Books & Reference
Lippincott Nursing Advisor,Medical,3.8,343,26,50000,Free,0,Others,"May 1, 2018",3.3.1,4.1,Medical
CT-Stream Player,Family,3.9,84,11,10000,Free,0,Others,"November 21, 2016",3.4,3,Entertainment
Minion Rush: Despicable Me Official Game,Game,4.5,10216538,1,100000000,Free,0,Others,"July 12, 2018",Varies with device,-1,Casual
Sandbox Number Coloring Book Art - Color By Number,Family,4.2,14356,1,1000000,Free,0,Others,"March 9, 2018",2.5,4.1,Entertainment
DK Pittsburgh Sports,Sports,4.1,556,3.3,10000,Free,0,Others,"July 26, 2018",3.0.5,4.2,Sports
Beach Buggy Blitz,Game,4.2,640974,47,50000000,Free,0,Others,"June 5, 2018",1.5,4.0.3,Racing
Babbel ‚Äì Learn Languages,Education,4.3,266948,21,10000000,Free,0,Others,"July 30, 2018",20.7.2,4.4,Education
BS Generator,Family,4.2,5,3.3,100,Free,0,Others,"July 23, 2016",1.1,4.4,Entertainment
Beauty Selfie Camera,Beauty,4.2,2225,52,500000,Free,0,Others,"February 28, 2018",1.6,4.1,Beauty
SkyTest BU/GU Lite,Business,2.9,28,20,500,Paid,17.99,Others,"October 24, 2017",2.0.5,3,Business
CX watcher,Family,4.5,4,30,500,Free,0,Others,"June 21, 2018",1.5_6,4.1,Casual
Duolingo: Learn Languages Free,Family,4.7,6294400,1,100000000,Free,0,Others,"August 1, 2018",Varies with device,-1,Education
Numbers Into Words,Productivity,4.4,457,0.54883,50000,Free,0,Others,"May 6, 2014",1.2,2.1,Productivity
comico Popular Original Cartoon Updated Everyday Comico,Comics,3.2,93965,15,5000000,Free,0,Teen,"July 3, 2018",6.3.0,4.0.3,Comics
Stocard - Rewards Cards Wallet,Shopping,4.6,284725,20,10000000,Free,0,Others,"July 31, 2018",7.2.1,4.1,Shopping
learn c in hindi,Family,4.3,109,2.7,5000,Free,0,Others,"June 24, 2017",4.1,4,Education
Smart File Manager,Productivity,4.2,17415,4.1,1000000,Free,0,Others,"July 5, 2018",3.5.9,4,Productivity
Five Nights at Freddy's 2,Family,4.6,73919,40,500000,Paid,2.99,Teen,"November 15, 2014",1.07,2.3,Strategy
I Am Innocent,Game,4.4,208501,56,1000000,Free,0,Teen,"July 23, 2018",2.8.307,4.0.3,Adventure
Been Together (Ad) - D-day,Lifestyle,4.4,95736,1,10000000,Free,0,Others,"July 30, 2018",Varies with device,-1,Lifestyle
Deep Breathe BP,Health And Fitness,3.9,26,12,1000,Free,0,Others,"June 9, 2018",1,4.1,Health & Fitness
Comunidad De Fe Minitries,Lifestyle,5,19,11,500,Free,0,Others,"March 1, 2018",1.1,4.1,Lifestyle
Droid Zap by Motorola,Video Players,3.8,2093,1,5000000,Free,0,Others,"February 3, 2015",Varies with device,-1,Video Players & Editors
Underdog FC,Sports,4.6,216,40,10000,Free,0,Others,"August 2, 2018",23.17,4.1,Sports
Ready4 GMAT (Prep4 GMAT),Education,4.6,18372,47,100000,Free,0,Others,"May 21, 2018",7.2.3634,4.4,Education
PicsArt Photo Studio: Collage Maker & Pic Editor,Photography,4.5,7594559,34,100000000,Free,0,Teen,"August 6, 2018",9.40.3,4.0.3,Photography
Elmo Calls by Sesame Street,Family,3.9,6903,25,1000000,Free,0,Others,"January 31, 2018",2.0.7,2.3,Educational
CCHT PREP,Medical,3.6,25,0.25977,1000,Paid,10.99,Others,"December 8, 2016",1.2,2.1,Medical
"Resume Maker:Free CV Maker,Templates Builder",Business,4.2,715,7.1,100000,Free,0,Others,"August 1, 2018",1.8,4.0.3,Business
EP Spotter,Family,3.4,9,28,500,Free,0,Others,"September 28, 2016",314007,4.3,Entertainment
Invoice 2go ‚Äî Professional Invoices and Estimates,Business,4.2,16422,28,1000000,Free,0,Others,"August 1, 2018",10.46.2,4.1,Business
LactMed,Medical,4.3,573,2,100000,Free,0,Others,"June 1, 2017",3.1,3,Medical
Selfie Photo Editor,Photography,4.6,11677,19,1000000,Free,0,Others,"July 5, 2018",1.0.3,4.4,Photography
Final Fantasy XV: A New Empire,Game,4,484981,1,10000000,Free,0,Others,"June 15, 2018",3.30.4.83,4.1,Strategy
Colorfy: Coloring Book for Adults - Free,Entertainment,4.5,787177,1,10000000,Free,0,Others,"June 20, 2018",Varies with device,-1,Entertainment
EF Academy,Health And Fitness,5,4,15,50,Free,0,Others,"March 23, 2018",7.7.3,4.1,Health & Fitness
San Andreas Crime City Gangster 3D,Family,4.2,9403,1,1000000,Free,0,Teen,"July 3, 2018",Varies with device,4.1,Simulation
Tafsiir Quraan MP3 Af Soomaali Quraanka Kariimka,Lifestyle,5,7,3.4,1000,Free,0,Others,"June 9, 2018",1.4,4,Lifestyle
Hospital ER Emergency Heart Surgery: Doctor Games,Family,3.8,1652,71,100000,Free,0,Others,"July 11, 2018",10,4.1,Simulation
The Walking Zombie: Dead City,Game,4.6,58575,96,1000000,Free,0,Teen,"February 21, 2018",2.55,4.1,Action
OO Launcher for Android O 8.0 Oreo‚Ñ¢ Launcher,Personalization,4.4,14832,8.6,1000000,Free,0,Others,"August 3, 2018",4.6,4,Personalization
EZ Cleaner - Booster Optimizer,Tools,4.4,6801,2.8,500000,Free,0,Others,"January 8, 2018",1.3.1,4.0.3,Tools
Endless Ducker,Game,4.5,8193,41,500000,Free,0,Others,"September 16, 2016",1.0.7,4.0.3,Arcade
Roll Call News,News And Magazines,3.7,24,10,5000,Free,0,Others,"December 24, 2015",1.1,4.1,News & Magazines
EyeEm - Camera & Photo Filter,Photography,4.2,215343,44,10000000,Free,0,Others,"July 14, 2018",6.4.3,4.0.3,Photography
Dr.Web Security Space,Tools,4.5,594406,1,10000000,Free,0,Others,"July 20, 2018",Varies with device,-1,Tools
All of the parking lot - National Park application (parking lot search / parking sharing / discount payment),Auto And Vehicles,4,1754,14,500000,Free,0,Others,"June 2, 2018",2.3.4,4,Auto & Vehicles
Dr. Unblock,Family,3.9,3847,4.3,1000000,Free,0,Others,"January 3, 2018",1.05,4.1,Puzzle
AAFP,Medical,3.8,63,24,10000,Free,0,Others,"June 22, 2018",2.3.1,5,Medical
"cm, mm to inch, feet converter tool",Productivity,4.3,176,2.3,100000,Free,0,Others,"September 27, 2016",1.1,2.3.3,Productivity
Pregnant Mom Surgery Newborn Twins Baby Birth Care,Family,4.3,95,28,10000,Free,0,Teen,"February 24, 2018",1,4.1,Educational
Super Jim Jump - pixel 3d,Game,4.5,10393,18,1000000,Free,0,Others,"July 11, 2018",2.2.3181,4,Arcade
CN Superstar Soccer: Goal!!!,Family,4.1,3863,41,100000,Paid,2.99,Others,"May 24, 2018",1.1.1,4.1,Sports
My magenta,Communication,3.9,42370,37,1000000,Free,0,Others,"June 25, 2018",7.5.1,5,Communication
NARUTO X BORUTO NINJA VOLTAGE,Game,4.4,267395,71,5000000,Free,0,Others,"July 19, 2018",1.1.7,4.4,Action
Intesa Sanpaolo Mobile,Finance,3.6,35518,1,1000000,Free,0,Others,"July 2, 2018",Varies with device,-1,Finance
Screen Off and Lock,Tools,4.1,172990,0.5127,10000000,Free,0,Others,"December 2, 2017",1.17.4,2.2,Tools
Transformers Rescue Bots: Hero Adventures,Family,4.2,41273,16,5000000,Free,0,Others,"July 5, 2018",1.5,4.1,Adventure
BN Pro ArialXL Legacy Text,Libraries And Demo,4.1,142,0.43164,10000,Free,0,Others,"February 5, 2017",2.3.2,1.6,Libraries & Demo
Alarmy (Sleep If U Can) - Pro,Lifestyle,4.8,10249,1,10000,Paid,2.49,Others,"July 30, 2018",Varies with device,-1,Lifestyle
"Home workouts - fat burning, abs, legs, arms,chest",Health And Fitness,4.3,4848,13,1000000,Free,0,Others,"July 18, 2018",2.6,4.1,Health & Fitness
WiFi Overview 360,Tools,4.1,15693,18,1000000,Free,0,Others,"August 3, 2018",4.32.07,4.2,Tools
FN Cam,Photography,3.4,181,10,10000,Free,0,Others,"January 13, 2016",1.1.5,4.0.3,Photography
Q Quiz SK,Family,3.9,159,39,5000,Free,0,Others,"December 8, 2015",2.3,2.3,Education
DV 2018 Winners Guide,Books And Reference,4.8,11,0.59375,1000,Free,0,Others,"July 23, 2017",1.09,4.2,Books & Reference
YAY - TBH,Social,4.1,2520,12,100000,Free,0,Teen,"November 17, 2017",1.1.5,4.3,Social
ZenUI Safeguard,Lifestyle,4.5,100,7.1,1000000,Free,0,Others,"May 9, 2018",1.0.0.21_180410,7,Lifestyle
Santa Fe FCU Mobile Banking,Finance,4.3,12,9,1000,Free,0,Others,"January 22, 2018",1.18.4,4,Finance
Red Embrace (BL/Yaoi Game),Family,4.3,616,25,10000,Free,0,Teen,"June 12, 2018",4.5.5,2.3.3,Casual
EZCast ‚Äì Cast Media to TV,Video Players,3.6,32112,1,1000000,Free,0,Others,"July 4, 2018",Varies with device,-1,Video Players & Editors
Chart - Myanmar Keyboard,Lifestyle,4.4,39364,28,5000000,Free,0,Others,"July 17, 2018",10.19,4.0.3,Lifestyle
CK-12: Practice Math & Science,Family,4.2,562,20,50000,Free,0,Others,"December 21, 2017",3.8.0.251918,4.1,Education
DRC Sim - Wii U Gamepad,Family,2.4,210,4,10000,Free,0,Others,"June 25, 2017",2,2.3,Casual
Hey That's Pretty Good!,Tools,4.6,222,10,10000,Free,0,Others,"July 29, 2016",4.2.0,2.3,Tools
TV+,Entertainment,4.2,98509,1,5000000,Free,0,Others,"June 28, 2018",Varies with device,-1,Entertainment
EF App,Business,5,8,20,100,Free,0,Others,"January 23, 2017",1.0.5,4.4,Business
HD Video Downloader : 2018 Best video mate,Video Players,3.7,430643,4.9,50000000,Free,0,Others,"May 31, 2018",2.5.0,4.1,Video Players & Editors
StirFry Stunts - We Bare Bears,Game,4.5,121533,63,10000000,Free,0,Others,"March 24, 2016",1.0.0,2.3.3,Arcade
vide-greniers.org,Events,4.3,5839,3.5,100000,Free,0,Others,"November 8, 2016",16.11.8,2.3.3,Events
Speed Car CM Locker Theme,Personalization,4.4,7519,4,500000,Free,0,Others,"January 26, 2016",1.0.1,4,Personalization
The League,Dating,3,837,9.4,100000,Free,0,Teen,"July 16, 2018",1.15.0,4.4,Dating
GollerCepte 1903,Sports,4.7,25172,30,500000,Free,0,Others,"May 23, 2018",5.5,4.1,Sports
MARVEL Contest of Champions,Game,4.3,2468063,92,50000000,Free,0,Teen,"July 30, 2018",19.1.0,4.0.3,Action
"Eve Period Tracker - Love, Sex & Relationships App",Health And Fitness,4.6,20326,28,1000000,Free,0,Teen,"August 4, 2018",2.9.18,4.1,Health & Fitness
Sky People (SPI): A secure blind date through authentication by Seoul National University,Dating,3.5,894,14,100000,Free,0,Teen,"July 17, 2018",3.1.3,4.1,Dating
NB|AZ Business Mobile Banking,Finance,4.1,44,13,1000,Free,0,Others,"April 5, 2018",4.2.31,4.2,Finance
AC Remote for Samsung - NOW FREE,Tools,3.7,566,27,100000,Free,0,Others,"July 30, 2018",6.1.7,4.2,Tools
Speed Test - WiFi / Cellular speed test,Tools,4.1,24226,1,1000000,Free,0,Others,"June 27, 2017",1.0.5,-1,Tools
LokLok: Draw on a Lock Screen,Communication,4.1,14766,16,500000,Free,0,Teen,"September 20, 2017",0.81 beta,4.0.3,Communication
Adobe Fill & Sign: Easy PDF Form Filler,Productivity,4.3,11402,5.3,1000000,Free,0,Others,"November 7, 2017",1.3.0,5,Productivity
AG Subway Simulator Mobile,Family,4.5,623,47,5000,Paid,0.99,Others,"June 2, 2018",1.3.0.6,4.1,Simulation
Thai Sic Bo,Game,4.1,14283,4.2,1000000,Free,0,Teen,"October 1, 2017",1.1.2,4,Casino
Solitaire,Game,4.7,254258,23,10000000,Free,0,Others,"August 1, 2018",2.137.0,4.1,Card
Infinity Dungeon VIP,Family,4.3,21804,44,1000000,Paid,0.99,Others,"July 3, 2018",2.6.6,2.3,Role Playing
Score! Hero,Game,4.6,5418675,96,100000000,Free,0,Others,"June 13, 2018",1.751,4.4,Sports
The grand theft V Wallpaper,Personalization,3.8,87,4.3,10000,Free,0,Others,"June 5, 2018",1.1,4.0.3,Personalization
Toon Blast,Game,4.7,1351068,1,10000000,Free,0,Others,"July 30, 2018",3196,4.1,Puzzle
Hamilton ‚Äî The Official App,Entertainment,4.5,1575,43,100000,Free,0,Others,"July 13, 2018",2.3.2,5,Entertainment
RightNow English Conversation,Family,4,5118,11,1000000,Free,0,Others,"March 2, 2018",1.4.1,2.3,Education
Cardio Journal ‚Äî Blood Pressure Log,Medical,4.5,3320,8.3,100000,Free,0,Others,"February 12, 2018",3.1.1,4.1,Medical
EO Global,Business,2.6,13,8.9,1000,Free,0,Others,"October 20, 2016",3.2,4.1,Business
DS Tower Defence,Game,3.2,768,1.4,100000,Free,0,Others,"June 5, 2013",1,1.5,Arcade
"The Championships, Wimbledon 2018",Sports,4.3,24082,95,1000000,Free,0,Others,"July 4, 2018",6.5,4.4,Sports
Pro 2018 - Series A and B,Sports,4.6,101455,6.2,5000000,Free,0,Others,"August 3, 2018",2.24.2.0,4.0.3,Sports
Business Calendar 2,Productivity,4.6,102594,15,5000000,Free,0,Others,"July 23, 2018",2.30.1,4.1,Productivity
Glow Hockey,Game,4.1,1703479,1,100000000,Free,0,Others,"July 22, 2018",1.3.8,4.1,Arcade
Clock L,Personalization,3.9,2852,5.4,100000,Free,0,Others,"September 7, 2015",1.3,4,Personalization
BH Cosmetics,Beauty,4,2,3.6,1000,Free,0,Others,"May 29, 2018",1,4,Beauty
Knightfall‚Ñ¢ AR,Family,4.2,254,25,10000,Free,0,Teen,"March 17, 2018",1,7,Strategy
"Emoji keyboard - Cute Emoticons, GIF, Stickers",Tools,4.4,1107320,25,50000000,Free,0,Others,"August 7, 2018",3.4.500,4.1,Tools
Soccer Clubs Logo Quiz,Game,4.2,21661,16,1000000,Free,0,Others,"May 24, 2018",1.3.81,4,Trivia
Live DV,Photography,2,16,17,1000,Free,0,Others,"May 9, 2018",1.0.6,4.4,Photography
Arabic Alphabet Alif Ba Ta Wooden Blocks,Family,4.6,66,17,10000,Free,0,Others,"February 25, 2018",1.0.0,2.3,Educational
DQT GPS,Business,4,3,6.3,500,Free,0,Others,"October 5, 2015",1.2,4.2,Business
Zalo ‚Äì Video Call,Communication,4.2,1042170,1,50000000,Free,0,Others,"July 27, 2018",Varies with device,-1,Communication
"GO Weather - Widget, Theme, Wallpaper, Efficient",Weather,4.5,1422858,1,50000000,Free,0,Others,"August 3, 2018",Varies with device,-1,Weather
DC Comics,Comics,4.2,25671,1,1000000,Free,0,Teen,"June 5, 2018",Varies with device,-1,Comics
Kidjo TV Kids Have Fun & Learn,Entertainment,4.6,732,1,100000,Free,0,Others,"August 1, 2018",Varies with device,-1,Entertainment
Navi Radiography Pro,Medical,4.7,11,100,500,Paid,15.99,Others,"January 14, 2018",1.2.0,4.0.3,Medical
"Free Messages, Video, Chat,Text for Messenger Plus",Social,4.3,6086,3.1,1000000,Free,0,Teen,"June 14, 2018",1.0.9,4.3,Social
Gun Club Armory,Game,4.2,55014,28,1000000,Free,0,Teen,"December 4, 2017",1.2.6,4.1,Action
Bubble Witch 2 Saga,Family,4.3,2838064,1,100000000,Free,0,Others,"August 6, 2018",Varies with device,-1,Casual
The CJ Rubric,Health And Fitness,5,5,43,100,Free,0,Others,"December 5, 2017",The CJ Rubric 7.12.0,4.1,Health & Fitness
NHL,Sports,4,68935,48,5000000,Free,0,Others,"June 27, 2018",9.4.0,4.2,Sports
CX-10DS,Family,3.4,12,11,1000,Free,0,Others,"September 15, 2017",1.5_6,4,Casual
Korean English Translator,Family,4.4,634,1.8,100000,Free,0,Others,"September 5, 2017",1.6,2.3,Education
PagesJaunes - local search,Travel And Local,3.8,43935,1,10000000,Free,0,Others,"August 1, 2018",8.13.3,5,Travel & Local
CT-ART 4.0 (Chess Tactics 1200-2400 ELO),Game,4.8,8191,1,100000,Free,0,Others,"May 22, 2018",1.1.0,4.1,Board
V380s,Libraries And Demo,3.2,1919,8.1,500000,Free,0,Others,"July 11, 2018",5.9.1,4.1,Libraries & Demo
Canvas FL,Family,4.9,36,9.4,1000,Free,0,Teen,"June 25, 2018",3.8.0,4.1,Education
Masha and the Bear. Educational Games,Family,4.5,46369,33,10000000,Free,0,Others,"July 13, 2018",2.3,4.0.3,Educational
Amazon for Tablets,Shopping,4,141613,22,10000000,Free,0,Teen,"July 31, 2018",16.14.0.850,4.4,Shopping
Ulysse Speedometer,Auto And Vehicles,4.3,40211,1,5000000,Free,0,Others,"July 30, 2018",Varies with device,-1,Auto & Vehicles
Montessori Preschool,Family,3.9,237,26,100000,Free,0,Others,"July 12, 2018",1.7.2,4.1,Education
Hair Salon - Fun Games,Family,3.8,484226,27,50000000,Free,0,Teen,"June 15, 2018",3.0.10,4,Casual
"Memory Helper - To do list, Notepad, Notes, Memo",Productivity,4.7,7566,4,500000,Free,0,Others,"July 21, 2018",67,4.1,Productivity
Rande.cz,Social,3.2,398,2.2,50000,Free,0,Others,"December 3, 2014",1.0.1,2.3.3,Social
The Guardian,News And Magazines,4.7,247992,22,5000000,Free,0,Teen,"July 25, 2018",6.5.1725,4.1,News & Magazines
The Weather Channel: Rain Forecast & Storm Alerts,Weather,4.4,1558437,1,50000000,Free,0,Others,"August 1, 2018",Varies with device,-1,Weather
FP BW LCD View,Family,3.4,16,1.2,500,Free,0,Others,"March 31, 2016",1,4.0.3,Entertainment
Runtastic Sleep Better: Sleep Cycle & Smart Alarm,Health And Fitness,4.1,111462,1,5000000,Free,0,Others,"July 25, 2018",Varies with device,-1,Health & Fitness
A/C Air Conditioner Remote,Tools,3.4,7816,5.1,1000000,Free,0,Others,"July 30, 2016",1.1.1,3,Tools
BC Navigator,Family,4.4,21,32,1000,Free,0,Others,"May 10, 2018",3.2,4.0.3,Education
Evie Launcher,Personalization,4.7,139258,1,5000000,Free,0,Others,"August 3, 2018",Varies with device,4.4,Personalization
Aegis BT,Business,4.8,16,4.5,500,Free,0,Others,"September 6, 2017",1.0.10,4.1,Business
Dr. D. Y. Patil Vidyapeeth GBS,Family,4,3,5.3,100,Free,0,Others,"February 14, 2017",1.0.1702140017,4.1,Education
EasyNote Notepad | To Do List,Tools,4.3,15618,2.4,1000000,Free,0,Others,"November 27, 2017",1.5.2,2.3,Tools
New YAHTZEE¬Æ With Buddies Dice Game,Game,4.1,42079,93,5000000,Free,0,Others,"July 5, 2018",5.6.5,4.1,Board
Rope'n'Fly 3 - Dusk Till Dawn,Game,4,166033,23,10000000,Free,0,Others,"January 31, 2018",3.6,2.3,Arcade
Motocross Beach Jumping 3D,Family,4,105954,43,10000000,Free,0,Teen,"June 5, 2018",1.7.3,4.1,Simulation
Guns of Glory,Game,4,120592,77,10000000,Free,0,Others,"July 31, 2018",2.0.2,4.0.3,Strategy
AP English Language: Practice Tests and Flashcards,Family,4.5,19,5.4,5000,Free,0,Others,"July 3, 2018",1.6.7.1,4.1,Education
ETERNITY WARRIORS 2,Game,4.6,568391,5.2,5000000,Free,0,Teen,"July 1, 2014",4.3.1,2.1,Action
BombSquad Remote,Game,4.1,13304,1.3,1000000,Free,0,Others,"November 30, 2016",1.2.21,4,Arcade
Z Champions,Game,4.7,96028,59,1000000,Free,0,Teen,"May 28, 2018",Varies with device,4,Arcade
DS Flashlight,Tools,4,127,5.8,10000,Free,0,Others,"May 30, 2015",1.31,2.2,Tools
TRANSFORMERS: Earth Wars,Family,4.5,256219,95,10000000,Free,0,Others,"July 31, 2018",1.64.0.21247,4.2,Strategy
Asteroids 3D live wallpaper,Personalization,4.1,157495,6.4,10000000,Free,0,Others,"July 24, 2018",4.0.0.7,4.4,Personalization
Harley Quinn wallpapers HD,Art And Design,4.8,192,6,10000,Free,0,Others,"April 25, 2018",1.5,3,Art & Design
Pinkalicious Party,Family,3,2,82,500,Paid,2.99,Others,"June 25, 2018",1.5.0,4.1,Educational
Wifi Inspector,Tools,4.3,63712,1,5000000,Free,0,Others,"May 12, 2016",Varies with device,2.3,Tools
Hadith du jour,Family,4.4,276,1,50000,Free,0,Others,"March 22, 2016",Varies with device,-1,Education
Ek Onkar,Family,4.9,107,18,10000,Free,0,Others,"April 3, 2016",1.3,4,Entertainment
MiniMovie - Free Video and Slideshow Editor,Video Players,4.5,504823,1,50000000,Free,0,Others,"December 13, 2017",Varies with device,-1,Video Players & Editors
Paris ci la Sortie du M√©tro,Maps And Navigation,4.2,453,36,10000,Paid,2.99,Others,"April 2, 2018",4.3,4.1,Maps & Navigation
Fast Secure VPN,Tools,4.3,56848,9.6,1000000,Free,0,Others,"May 18, 2018",1.6.11,4.1,Tools
Little Magnet BT Pro,Tools,4.6,251,3.8,1000,Paid,0.99,Others,"August 5, 2018",4.1.4,4.2,Tools
Star Chart,Family,4.3,128808,1,10000000,Free,0,Others,"August 2, 2018",Varies with device,-1,Education
Love Images,Social,4.3,16404,2.3,1000000,Free,0,Others,"June 24, 2018",1.6,2.3,Social
EZ TAG Express,Travel And Local,3.2,86,39,10000,Free,0,Others,"May 17, 2018",2.5.186032,4.4,Travel & Local
Launcher Oreo 8.1,Personalization,4.5,13466,3.4,500000,Free,0,Others,"June 19, 2018",1.9,5,Personalization
Trello,Productivity,4.5,72513,12,5000000,Free,0,Others,"July 18, 2018",5.0.1.11068-production,5,Productivity
OptumRx,Medical,3.4,1838,21,100000,Free,0,Others,"July 2, 2018",2.11.0,4.0.3,Medical
Adguard Content Blocker,Tools,4.1,14491,4.3,1000000,Free,0,Others,"February 26, 2018",2.1.2,-1,Tools
ESS Mobile for AE,Productivity,1.9,63,1.8,5000,Free,0,Others,"September 27, 2016",2.0.1027,3,Productivity
SAMURAI vs ZOMBIES DEFENSE,Game,4.5,407788,19,5000000,Free,0,Others,"July 18, 2013",3.4.0,2.1,Action
Calorie Counter - MyFitnessPal,Health And Fitness,4.6,1873516,1,50000000,Free,0,Others,"July 31, 2018",Varies with device,-1,Health & Fitness
Easy Voice Recorder,Productivity,4.4,205191,7.1,10000000,Free,0,Others,"June 20, 2018",2.4.5,4.1,Productivity
Portal AR - Step Into Scotland,Travel And Local,3.7,25,43,5000,Free,0,Teen,"June 4, 2018",1.4,7,Travel & Local
Golfshot: Golf GPS + Tee Times,Sports,4.3,7543,25,500000,Free,0,Others,"July 11, 2018",1.31.0,4.1,Sports
BF Browser by Betfilter - Stop Gambling Today!,Communication,3,39,4.6,10000,Free,0,Others,"September 4, 2017",1.4,4.0.3,Communication
AY Sing,Books And Reference,4.8,111,10,5000,Free,0,Others,"May 21, 2018",1.6.2,4.1,Books & Reference
Monefy - Money Manager,Finance,4.6,111254,7.4,1000000,Free,0,Others,"July 3, 2018",1.8.9,4,Finance
ODTMobile,Business,3.4,15,2.7,10000,Free,0,Others,"March 10, 2016",3.2,2.2,Business
e-Anatomy,Medical,4,1545,74,100000,Free,0,Others,"July 30, 2018",4.8.2,4.0.3,Medical
MomentCam Cartoons & Stickers,Photography,4.2,1260143,1,50000000,Free,0,Others,"July 12, 2018",Varies with device,-1,Photography
Summoners War,Game,4.3,2045554,28,50000000,Free,0,Teen,"July 30, 2018",4.0.1,4.0.3,Role Playing
Nigeria News NAIJ.com,News And Magazines,4.3,37882,9.1,1000000,Free,0,Teen,"June 1, 2018",8.2.9,4.0.3,News & Magazines
TAMAGO Monsters Returns,Game,4.1,104583,37,1000000,Free,0,Others,"August 18, 2016",3.45,2.3,Arcade
C W Browser,Communication,4.4,14,17,100,Free,0,Others,"October 28, 2017",1,4,Communication
Terminal Emulator for Android,Tools,4.4,113951,0.53809,10000000,Free,0,Others,"April 15, 2015",1.0.70,1.6,Tools
Flow Free,Game,4.3,1295557,11,100000000,Free,0,Others,"April 11, 2018",4,4.1,Puzzle
Top Popular Ringtones 2018 Free üî•,Libraries And Demo,4.4,7396,22,500000,Free,0,Others,"July 6, 2018",5.28,4.0.3,Libraries & Demo
Heroes of Dragon Age,Game,4.2,70389,28,1000000,Free,0,Teen,"May 9, 2018",5.3.1,2.3.3,Action
My Tamagotchi Forever,Family,4.3,28735,91,1000000,Free,0,Others,"August 1, 2018",1.12.0.1654,4.2,Casual
FJ Drive: Mercedes-Benz Lease,Auto And Vehicles,4.6,107,27,10000,Free,0,Others,"November 6, 2017",2.0.0,4.1,Auto & Vehicles
UM BP Track,Medical,2,1,29,50,Free,0,Others,"June 27, 2017",7.9.0 (5192),5,Medical
Offline Maps & Navigation,Travel And Local,4.7,192641,33,5000000,Free,0,Others,"June 7, 2018",17.4.1,4.0.3,Travel & Local
eHub,Business,4.2,6969,4.8,100000,Free,0,Others,"June 29, 2018",3.9.11,4.4,Business
Results for DC Lottery,Family,4.4,160,8.5,5000,Free,0,Others,"March 11, 2017",5.1,4.1,Entertainment
FML F*ck my life + widget,Family,4.2,1415,0.2041,100000,Free,0,Others,"May 21, 2010",3.1,1.5,Entertainment
Toy Truck Rally 3D,Game,4,301895,25,50000000,Free,0,Others,"May 23, 2018",1.4.4,4.1,Racing
t√∂kr,Medical,4.6,17,14,1000,Free,0,Others,"July 11, 2018",1.9.0.0,4.1,Medical
Dollhouse Decorating Games,Lifestyle,4.1,18968,32,5000000,Free,0,Teen,"April 26, 2018",5.1,4.1,Lifestyle
Titanic App - Feminist Dating Application,Dating,4.5,120,10,500,Free,0,Teen,"August 4, 2018",1.5-beta,5,Dating
Plants vs. Zombies FREE,Game,4.4,4066989,69,100000000,Free,0,Others,"July 6, 2018",2.2.00,4.1,Strategy
ai.type keyboard Plus + Emoji,Tools,4.5,57076,35,100000,Paid,4.49,Others,"July 24, 2018",Paid-9.4.1.3,4.1,Tools
Chakra Cleansing,Libraries And Demo,4.6,539,99,50000,Free,0,Others,"August 2, 2018",7,4.0.3,Libraries & Demo
The Secret Daily Teachings,Lifestyle,4.3,206,32,1000,Paid,4.99,Others,"February 11, 2018",14,4.0.3,Lifestyle
AZ Mobile Gizmo,Business,4.4,16,3.7,1000,Free,0,Others,"April 2, 2018",3.4.4,4.2,Business
BC MVA Fines,Books And Reference,5,5,7.2,50,Paid,1.75,Others,"October 8, 2015",1,4.1,Books & Reference
Endomondo - Running & Walking,Health And Fitness,4.5,559186,1,10000000,Free,0,Others,"July 11, 2018",Varies with device,-1,Health & Fitness
JH Blood Pressure Monitor,Medical,3.7,9,2.9,500,Free,0,Others,"July 21, 2018",1.1,4.0.3,Medical
Geometry Dash Meltdown,Game,4.6,1591129,48,50000000,Free,0,Others,"December 22, 2017",1.01,4,Arcade
Scanner Radio - Fire and Police Scanner,Family,4.4,175509,1,10000000,Free,0,Others,"August 7, 2018",Varies with device,-1,Entertainment
Service CU Mobile Banking,Finance,4.7,6208,14,100000,Free,0,Others,"June 12, 2018",5.9.1.0,5,Finance
E-Book Read - Read Book for free,Books And Reference,4.5,1857,4.9,50000,Free,0,Others,"August 3, 2018",1.3.2,4.4,Books & Reference
BAC DZ Questionnaire,Family,4,38,1,5000,Free,0,Others,"May 25, 2018",Varies with device,-1,Education
kicker football news,Sports,4.3,56270,15,5000000,Free,0,Others,"August 3, 2018",5.4.2,5,Sports
Mobile Strike,Family,3.9,903392,1,50000000,Free,0,Others,"June 14, 2018",3.30.4.207,4.1,Strategy
School of Dragons,Family,4.1,530792,1,10000000,Free,0,Others,"May 30, 2018",Varies with device,-1,Role Playing
Super Hearing Secret Voices Recorder PRO,Medical,5,3,23,100,Paid,2.99,Others,"April 20, 2018",1,4.1,Medical
Galaxy Defense,Family,4.1,78142,17,5000000,Free,0,Others,"August 22, 2015",1.2.3,3,Strategy
Drawing for Kids Learning Games for Toddlers age 3,Family,4.6,29436,43,1000000,Free,0,Others,"March 21, 2018",2.0.5.0,4.1,Educational
Mobile CS,Business,4,13,5.7,1000,Free,0,Others,"October 6, 2017",1.2.0,4.4,Business
Burnley FC,Sports,4.9,195,29,5000,Free,0,Others,"August 1, 2018",2018.8.1,4.4,Sports
Snapfish,Photography,4.1,32398,28,1000000,Free,0,Others,"August 1, 2018",9.6.4,4.4,Photography
3DAnimeGirl DX DreamPortrait KAWAII Girl DressUp,Family,4.2,449,56,10000,Free,0,Teen,"February 16, 2018",1.5,4,Casual
Dungeons and Dragons DM Tools,Books And Reference,3.1,50,4.9,1000,Paid,1.99,Others,"February 22, 2017",2,2.3,Books & Reference
Helper for CS:GO,Tools,4.4,208,6,10000,Free,0,Others,"June 16, 2016",1.2.1,4.1,Tools
Fertility Friend Ovulation App,Health And Fitness,4.5,12955,7.2,1000000,Free,0,Teen,"June 27, 2018",10.24,4.4,Health & Fitness
PhotoScan by Google Photos,Photography,4.3,61990,1,10000000,Free,0,Others,"February 9, 2018",1.5.1.182070924,5,Photography
AP Psychology Prep: Practice Tests and Flashcards,Family,4.5,242,5.4,50000,Free,0,Others,"July 3, 2018",1.6.7.1,4.1,Education
European Solidarity Corps,Social,3.6,9,21,1000,Free,0,Teen,"July 5, 2018",1.2.0,4.4,Social
theScore esports,Sports,4.5,16257,14,500000,Free,0,Others,"February 3, 2017",2.8,4.1,Sports
Basket Manager 2016 Free,Sports,4.3,1879,4.4,100000,Free,0,Others,"February 9, 2017",2.9,4.1,Sports
DH Pineapple Poker OFC,Game,4.2,1878,20,100000,Free,0,Teen,"November 9, 2017",1.0.13,3,Casino
BN Pro LcdD Legacy Text,Libraries And Demo,3.9,71,0.40234,10000,Free,0,Others,"February 5, 2017",2.3.2,1.6,Libraries & Demo
Jungle Marble Blast,Game,4.3,18985,23,5000000,Free,0,Others,"July 23, 2018",1.5.4,4.0.3,Casual
Fish|Hunt FL,Lifestyle,3.6,853,34,100000,Free,0,Others,"March 22, 2018",3.2.0,4.1,Lifestyle
Familial Hypercholesterolaemia Handbook,Medical,1,2,33,100,Free,0,Others,"July 2, 2018",2.0.1,4.1,Medical
Lifetime - Watch Full Episodes & Original Movies,Entertainment,4,35928,19,1000000,Free,0,Teen,"July 16, 2018",3.1.4,4.4,Entertainment
Read books online,Books And Reference,4.1,91615,23,5000000,Free,0,Teen,"June 29, 2018",3.12,4.1,Books & Reference
Papyrus Ex,Tools,4.6,1092,0.18555,100000,Free,0,Others,"June 27, 2012",2.3.3,2.1,Tools
MegaNDS (NDS Emulator),Game,3.4,2218,11,500000,Free,0,Others,"October 18, 2017",2,4,Arcade
EK Platinum,Lifestyle,3.8,52,10,10000,Free,0,Others,"December 26, 2017",1.0.6¬Æ,4,Lifestyle
Shadow Fight 2 Special Edition,Game,4.5,10440,86,50000,Paid,4.99,Teen,"May 30, 2018",1.0.3,4.1,Action
Dr. McDougall Mobile Cookbook,Health And Fitness,3.8,76,1.2,1000,Paid,4.99,Others,"January 26, 2015",1.1,2.2,Health & Fitness
KFC CZ,Lifestyle,2.8,1189,18,100000,Free,0,Others,"June 27, 2018",5.1.0,4.0.3,Lifestyle
All Social Networks,Social,4.2,22492,1.5,1000000,Free,0,Others,"May 21, 2018",2.4.12,4,Social
Fo File Manager,Tools,4.5,1916,0.35547,100000,Free,0,Others,"December 31, 2015",1.8.8,2.1,Tools
CV-Library Job Search,Business,4.4,6997,4.6,100000,Free,0,Others,"July 6, 2018",6.8.0,4.1,Business
Order & Chaos 2: 3D MMO RPG,Family,4.1,242722,54,10000000,Free,0,Teen,"July 9, 2018",3.1.2b,4.0.3,Role Playing
Be My Princess,Family,4.2,3103,8.8,100000,Free,0,Teen,"September 19, 2017",6.5,2.2,Entertainment
How To Color Disney Princess - Coloring Pages,Art And Design,4,591,9.4,500000,Free,0,Others,"March 31, 2018",1,4,Art & Design
K-9 Material (unofficial),Communication,4.4,64,4.5,5000,Free,0,Teen,"March 27, 2017",5.206,5,Communication
Paint Hit,Game,4.4,37023,33,10000000,Free,0,Others,"July 6, 2018",5.2,5,Casual
Writing Wizard Premium - Handwriting,Family,4.1,89,33,5000,Paid,4.49,Others,"December 3, 2017",2.5.0,4.0.3,Education
Twilight: Blue light filter,Health And Fitness,4.6,318134,1,5000000,Free,0,Others,"May 29, 2018",Varies with device,-1,Health & Fitness
Nasihat - Chalo ae Pyaara,Family,4.7,557,6.7,10000,Free,0,Others,"October 9, 2015",1,2.1,Education
Modern Counter Terrorist FPS Shoot,Game,4,795,41,100000,Free,0,Teen,"August 29, 2017",1.2,2.3,Action
M-Sight Pro,Video Players,3.3,30,15,5000,Free,0,Others,"July 25, 2018",3.1.0.1-r4,4,Video Players & Editors
Be you GO Launcher Theme,Personalization,4.3,1580,3.6,100000,Free,0,Others,"November 12, 2014",v1.0,2.3,Personalization
Jump'N'Shoot Attack,Game,4.1,155,32,1000,Paid,2.49,Others,"May 26, 2018",1.2,4.1,Arcade
Jazz Wi-Fi,Communication,3.4,49,4,10000,Free,0,Others,"February 10, 2017",0.1,2.3,Communication
The SCP Foundation DB fr nn5n,Books And Reference,4.5,114,1,1000,Free,0,Teen,"January 19, 2015",Varies with device,-1,Books & Reference
Shoulder Surgery ER Emergency Doctor Game,Family,3.9,55,46,10000,Free,0,Teen,"November 7, 2017",1.0.1,4,Educational
El Laberinto del Demonio 2,Family,4.1,3654,25,100000,Free,0,Teen,"April 14, 2017",1.0.1,4,Puzzle
Stick War: Legacy,Game,4.6,811040,77,10000000,Free,0,Teen,"May 10, 2018",1.7.04,4.4,Strategy
Plants vs. Zombies‚Ñ¢ 2,Family,4.4,567632,15,10000000,Free,0,Others,"June 12, 2018",6.8.1,4.1,Casual
FarmersOnly Dating,Dating,3,1146,1.4,100000,Free,0,Teen,"February 25, 2016",2.2,4,Dating
Workout Tracker & Gym Trainer - Fitness Log Book,Health And Fitness,4.6,5420,21,500000,Free,0,Others,"June 5, 2018",2.48.3,4.1,Health & Fitness
Horoscopes ‚Äì Daily Zodiac Horoscope and Astrology,Lifestyle,4.6,161143,11,10000000,Free,0,Others,"June 25, 2018",5.2.4(881),4.0.3,Lifestyle
Profile Tracker - Who Viewed My Facebook Profile,Social,4.7,37090,4.8,500000,Free,0,Teen,"August 1, 2018",5.4,4.1,Social
30WPM Amateur ham radio Koch CW Morse code trainer,Family,5,1,3.7,10,Paid,1.49,Others,"May 18, 2018",2.0.2,2.1,Education
Battle of Zombies: Clans War,Family,4.1,488039,58,10000000,Free,0,Teen,"November 15, 2017",1.0.175,2.3.3,Strategy
Fox Business,Finance,3.7,2594,1,500000,Free,0,Others,"March 13, 2018",Varies with device,-1,Finance
Gas Station,Auto And Vehicles,4,1288,4.5,100000,Free,0,Others,"April 21, 2018",2.17,4,Auto & Vehicles
Flame - ÿØÿ±ÿ® ÿπŸÇŸÑŸÉ ŸäŸàŸÖŸäÿß,Education,4.6,56065,37,1000000,Free,0,Others,"July 26, 2018",3.3,4.1,Education
Jewels classic Prince,Game,4.4,47644,15,5000000,Free,0,Others,"June 15, 2018",2.4.2,4,Puzzle
NY mobilbank DK - Danske Bank,Finance,2.8,851,30,100000,Free,0,Others,"June 26, 2018",0.38.1,4.3,Finance
AI Draw | Art Filter for Selfie,Photography,3,20,4.3,1000,Paid,2.99,Others,"June 18, 2018",1.4.7,5,Photography
Formula DRIFT,Sports,4.6,169,19,10000,Free,0,Others,"July 27, 2018",2.0.855.33,4.0.3,Sports
Wallpapers FN SCAR H,Personalization,5,4,9.2,100,Free,0,Teen,"April 12, 2018",1,4.1,Personalization
Abs Workout - Burn Belly Fat with No Equipment,Health And Fitness,4.8,69279,10,10000000,Free,0,Others,"July 23, 2018",1.1.8,4.2,Health & Fitness
EC„Éä„Éì√ó„Ç∑„É•„Éï„Éº,Lifestyle,4,576,7.4,50000,Free,0,Others,"June 7, 2018",1.0.2,4,Lifestyle
Long Realty AZ Home Search,Lifestyle,4.4,132,33,10000,Free,0,Others,"March 6, 2018",5.805.180306,4.1,Lifestyle
Baby Sleep: White noise lullabies for newborns,Parenting,4.6,62386,3.4,1000000,Free,0,Others,"June 12, 2018",2.7,4,Parenting
ODTMobile v4,Business,4,3,16,1000,Free,0,Others,"April 17, 2018",1.1,4.1,Business
Authy 2-Factor Authentication,Tools,4.3,15070,6.3,1000000,Free,0,Others,"July 30, 2018",23.2.7,4.0.3,Tools
Sid Story,Game,4.4,28510,78,500000,Free,0,Teen,"August 1, 2018",2.6.6,4.0.3,Card
Dog Run - Pet Dog Simulator,Family,4.7,48615,24,10000000,Free,0,Others,"May 22, 2018",1.4.12,4.1,Simulation
HD Camera,Photography,4.3,49680,8.7,5000000,Free,0,Others,"July 11, 2018",1.8.5,4.2,Photography
4K Wallpapers and Ultra HD Backgrounds,Personalization,4.6,7583,3.8,500000,Free,0,Others,"July 4, 2018",2.6.2.1,4.0.3,Personalization
WiFi Automatic,Tools,4.1,10595,1,1000000,Free,0,Others,"March 18, 2018",Varies with device,-1,Tools
M3-X5-X6-M-ƒ∞3-ƒ∞8 RACƒ∞NG 2018,Game,4.4,596,44,100000,Free,0,Others,"February 12, 2017","1,01",4,Arcade
R-TYPE II,Game,4.3,5682,37,50000,Paid,1.99,Others,"March 2, 2017",1.1.5,2.3.3,Arcade
BL info,Travel And Local,4.1,98,2,5000,Free,0,Others,"July 17, 2018",2,4.3,Travel & Local
